{"val_loss": [0.36131449835236773, 0.3502555639878225, 0.20486603182041327, 0.12371828966395437, 0.07036587545089977, 0.06855760979015679, 0.0640745313301992, 0.0673727874232329, 0.06731485405201729, 0.06975764710489296, 0.0630165184198572, 0.06763810085171408, 0.06778345988836769, 0.06536223975947066, 0.06785872249203549, 0.0649690131493775, 0.06543913521204221, 0.06482680694639506, 0.06457864842446692, 0.06530479593782822], "loss": [0.3721187895252591, 0.2060037585241454, 0.14488152077510244, 0.0871856203746228, 0.040281566037308605, 0.030053177050181797, 0.027945051945391156, 0.027698917890943232, 0.027055885687115647, 0.02721022566159566, 0.02771928600434746, 0.027811070238905295, 0.026606388035274688, 0.026794501491600557, 0.026535028813495523, 0.026612840814604646, 0.02691660648477929, 0.02631989600402968, 0.026423562805922257, 0.026557292744872115]}