{"val_loss": [0.44231981118638014, 0.4881376291594802, 0.4710416539132772, 0.3325726040569894, 0.15495434911916092, 0.08861455133389294, 0.08717873294558652, 0.08480134285787447, 0.09251056859153668, 0.08567486568533703, 0.08159685453250783, 0.0815064062969621, 0.07705493293459409, 0.07288839057839588, 0.07568254980648306, 0.07726050820477992, 0.07647697276018493, 0.07344804631231093, 0.07261508088614184, 0.06845707136817078], "loss": [0.5151671447924205, 0.29888560268140973, 0.1939681214945657, 0.13467596826099215, 0.07470012926274822, 0.032967117215905874, 0.02654694965375321, 0.024487366500709738, 0.023506137852867443, 0.022707839008598102, 0.022003219729023322, 0.021807968128649963, 0.021792601062250987, 0.021939006944497425, 0.021777121860179164, 0.021926662951175655, 0.02169988982911621, 0.021505869392837797, 0.022083880224575598, 0.022806568980394376]}