{"val_loss": [0.4180783790367647, 0.34248449938587333, 0.19081239229847485, 0.16942897518593764, 0.15746790038018268, 0.15031755678024067, 0.14420674692629354, 0.14087571336359936, 0.13642659924858047, 0.13430601247870957, 0.1315493614631166, 0.1289451305342711, 0.12662110953019706, 0.12308172563240154, 0.12046050118940167, 0.11874214623908261, 0.11515499669118875, 0.11366655224331762, 0.11087907315715484, 0.11040399601622222], "loss": [0.4984707910390127, 0.21062776233468736, 0.1318186108200323, 0.10350260670695986, 0.0894656264710994, 0.07973330326023556, 0.0734694433354196, 0.06908172981015273, 0.06549000145778769, 0.06200144085146132, 0.05904799903787318, 0.056825624512774606, 0.05533722176083496, 0.053653392319877945, 0.052558699977539834, 0.05195798609583151, 0.051273093248407044, 0.050966619913067134, 0.05056264659478551, 0.05061692043784119]}