{"val_loss": [0.7701941509275125, 1.1050122528826094, 1.155520817646287, 1.1768647807288242, 1.184642261850374, 1.1742603697479657, 1.1524062425517188, 1.1716403144049716, 1.1833454466007585, 1.1452815854584781, 1.1922185795950961, 1.158362374815106, 1.1472592449329728, 1.1812498601324835, 1.152846243331977, 1.1654986857660445, 1.1829361098456455, 1.158772001280629, 1.1735521307331165, 1.158815631173131], "loss": [0.7323764881917408, 0.4151865690946579, 0.3802806351866041, 0.37988031691028956, 0.38033903141816455, 0.37986535898276735, 0.37978159529822214, 0.3798010072537831, 0.3797522485256195, 0.3799592419749215, 0.38015200694402057, 0.37991278157347724, 0.38014468408766244, 0.37960114720321836, 0.38035765290260315, 0.38020783308006467, 0.3806653008574531, 0.3797913427863802, 0.38018993323757533, 0.37995501926967074]}