{"val_loss": [0.49258503651770175, 0.5175000671730485, 0.5101624709607179, 0.5062522205187453, 0.5198884920766439, 0.492919751756035, 0.5136317893012129, 0.4876007365877986, 0.47070174325596204, 0.49396737445988564, 0.4943784040578072, 0.4753116729647614, 0.47232078346591166, 0.47062628352364827, 0.47865949788506895, 0.4442563021661867, 0.4983410600879984, 0.5015545871746716, 0.5100868335485963, 0.5241231646144617], "loss": [0.3991018361582082, 0.27047390476965666, 0.2654648275050996, 0.2620355919626669, 0.2594149553346659, 0.2577235756364053, 0.25395523215993615, 0.25102964846654946, 0.248295928472372, 0.24567287819545822, 0.24435233322005223, 0.24130483191754212, 0.23921640287510865, 0.23802565586447022, 0.23369860543404514, 0.22896685408277445, 0.2220516422435113, 0.21346874272400515, 0.20956462292348726, 0.20565610915785304]}