{"val_loss": [0.48216657811759883, 0.5074438055356344, 0.46296454367474615, 0.46407505640616786, 0.4866408799958025, 0.4927244904713753, 0.4785058047526922, 0.45979693379157627, 0.4646774790225885, 0.46113853194774723, 0.4500743367223658, 0.43808304728605807, 0.4233736721878378, 0.4718960100768978, 0.4622336172650003, 0.47521045778551674, 0.49328719372423285, 0.486903204367711, 0.4653983977105882, 0.4725087712972592], "loss": [0.43746246867093125, 0.2740964979937907, 0.2662069844794567, 0.26262194929179056, 0.25962296262216034, 0.25644106407131084, 0.25430371277054215, 0.25204048201704865, 0.24959418835360586, 0.24751767968991148, 0.24378576916191524, 0.2403898812858353, 0.23657507713686787, 0.2298183541141008, 0.21815987285316277, 0.20964307191698484, 0.20116640966228141, 0.19955844071346404, 0.1952131926582866, 0.19389637115966069]}