{"val_loss": [0.30212452742395485, 0.17475635007863935, 0.13481561118841878, 0.13036874754669406, 0.12610130666448383, 0.12369833789345773, 0.11932925619074428, 0.11685924899684215, 0.11351130301414682, 0.11157114746308822, 0.10906706078293062, 0.10802445487735533, 0.10578409757034007, 0.10425080695032012, 0.1030495180485864, 0.1029844650617339, 0.10084540655598796, 0.09986729942018979, 0.09934003805901954, 0.09776732051407902], "loss": [0.31480128034239724, 0.13948096175278937, 0.0985422765924817, 0.0827022319038709, 0.07360921640481267, 0.06792326785978817, 0.0636707619719562, 0.060385324859193394, 0.05827258846589497, 0.055264393399868696, 0.05294737805213247, 0.05155981057101772, 0.05123146649982248, 0.051061056643014864, 0.05042341289420923, 0.05007134280389264, 0.050573031462374185, 0.04988724889145011, 0.049446524786097665, 0.049314419605902264]}