{"val_loss": [0.35554119520088334, 0.2253087100183221, 0.15673976265535156, 0.14211577243373372, 0.13544959497557904, 0.12823876084135266, 0.12658651310187774, 0.12181121305471358, 0.12031986062533778, 0.11816641843106697, 0.1131264834888611, 0.11091497133676659, 0.10729972040971592, 0.10489908930809633, 0.10040233615863217, 0.0972666349538356, 0.09632559189191559, 0.09625644871318376, 0.09727733772391735, 0.09319869338228016], "loss": [0.3357595108809524, 0.14960899452737716, 0.11124129212257144, 0.09156134240467752, 0.08054514433149955, 0.07415270121511916, 0.06893832604348882, 0.06537354960760662, 0.06257676171159655, 0.05921992283993051, 0.05870753007085793, 0.0560903403755679, 0.05492502751182003, 0.0540951568467134, 0.05358464237039417, 0.05318769362779355, 0.05324284353442352, 0.05472929934143577, 0.052422119091268364, 0.052288829610028675]}