{"val_loss": [0.5143728291599262], "loss": [0.5626301825489697]}