{"val_loss": [0.49500252231292274, 0.3305769701562932, 0.19546185394069207, 0.15230813834716728, 0.1319897295105705, 0.12433002230321619, 0.11441610470546813, 0.10955289284800918, 0.10500306479124358, 0.10200981579124044, 0.10149030838415955, 0.09931614689904787, 0.09827479255836158, 0.09828801585764843, 0.09820640944939339, 0.0978913300557377, 0.09718317297516661, 0.09749786228560553, 0.0963881939693799, 0.0979320177648117], "loss": [0.5540090597584345, 0.2330567074863441, 0.16966364765920602, 0.1443764087491319, 0.13098450727400726, 0.12030619765635317, 0.11334035042604106, 0.10910135772923998, 0.10701283475723408, 0.10479032734623629, 0.10368516125532774, 0.10302508400829308, 0.10217738876112331, 0.1015969647129229, 0.10120011065086025, 0.10099433183005307, 0.10065830836010245, 0.09984387821867563, 0.09973761022755648, 0.0994094879127568]}